image,Pred_boxes,Target_boxes,('map,map_50,map_75,map_small,map_medium,map_large,mar_1,mar_10,mar_100,mar_small,mar_medium,mar_large,map_per_class,mar_100_per_class,classes', 'time')
174_20200718013418.jpg,86,64,0.5614,0.8164,0.63,-1.0,0.554,0.8252,0.0125,0.1187,0.6484,-1.0,0.6419,0.85,-1.0,-1.0,0.0,0:00:01.122304
158_20200717024032.jpg,11,3,0.0067,0.0673,0.0,-1.0,0.0,0.0126,0.0,0.0333,0.0333,-1.0,0.0,0.05,-1.0,-1.0,0.0,0:00:01.666037
225_20210726112448.jpg,2,1,0.35,1.0,0.5,-1.0,0.35,-1.0,0.1,0.6,0.6,-1.0,0.6,-1.0,-1.0,-1.0,0.0,0:00:02.206077
294_20210913232026.jpg,6,2,0.4545,0.505,0.505,-1.0,-1.0,0.4545,0.45,0.45,0.45,-1.0,-1.0,0.45,-1.0,-1.0,0.0,0:00:02.766081
150_20200602232359.jpg,32,26,0.3983,0.7213,0.4384,-1.0,0.3532,0.7224,0.0269,0.2423,0.4769,-1.0,0.4391,0.7667,-1.0,-1.0,0.0,0:00:03.327400
290_20210909041154.jpg,11,5,0.4084,0.7921,0.2706,-1.0,0.202,0.5495,0.08,0.46,0.46,-1.0,0.2,0.6333,-1.0,-1.0,0.0,0:00:03.898218
268_20210806043417.jpg,8,6,0.1347,0.1683,0.1683,0.0,0.0,0.8,0.1333,0.1333,0.1333,0.0,0.0,0.8,-1.0,-1.0,0.0,0:00:04.461913
295_20210808234727.jpg,1,1,0.0,0.0,0.0,-1.0,0.0,-1.0,0.0,0.0,0.0,-1.0,0.0,-1.0,-1.0,-1.0,0.0,0:00:05.019689
159_20200724225946.jpg,15,11,0.3457,0.4911,0.4911,0.0,0.4095,-1.0,0.0727,0.4182,0.4727,0.0,0.52,-1.0,-1.0,-1.0,0.0,0:00:05.568874
290_20210824030857.jpg,10,5,0.5124,0.7921,0.4975,-1.0,0.4356,0.8,0.16,0.56,0.56,-1.0,0.5,0.8,-1.0,-1.0,0.0,0:00:06.132685
118_20200827000312.jpg,24,21,0.376,0.6938,0.2567,0.0,0.4267,0.5535,0.0429,0.281,0.4238,0.0,0.4812,0.6,-1.0,-1.0,0.0,0:00:06.698141
213_20210826223312.jpg,9,3,0.3748,0.6,0.3317,-1.0,0.1667,0.7252,0.0,0.6667,0.6667,-1.0,0.5,0.75,-1.0,-1.0,0.0,0:00:07.257859
126_20200730222546.jpg,19,10,0.4496,0.6905,0.4686,-1.0,0.2738,0.8554,0.08,0.38,0.59,-1.0,0.4571,0.9,-1.0,-1.0,0.0,0:00:07.805322
268_20210818231311.jpg,4,2,0.5515,1.0,0.505,-1.0,-1.0,0.5515,0.35,0.55,0.55,-1.0,-1.0,0.55,-1.0,-1.0,0.0,0:00:08.368622
283_20210908073727.jpg,14,1,0.025,0.25,0.0,-1.0,0.0333,-1.0,0.0,0.1,0.1,-1.0,0.1,-1.0,-1.0,-1.0,0.0,0:00:08.931394
290_20211005163135.jpg,2,1,0.6,1.0,1.0,-1.0,-1.0,0.6,0.6,0.6,0.6,-1.0,-1.0,0.6,-1.0,-1.0,0.0,0:00:09.488599
150_20200702003247.jpg,12,6,0.3714,1.0,0.0842,-1.0,0.3185,0.4757,0.0667,0.4167,0.4167,-1.0,0.35,0.55,-1.0,-1.0,0.0,0:00:10.040754
294_20210811051228.jpg,11,12,0.1068,0.2674,0.0891,-1.0,0.0318,0.8,0.0667,0.1333,0.1417,-1.0,0.0818,0.8,-1.0,-1.0,0.0,0:00:10.608436
255_20210916003900.jpg,4,2,0.503,1.0,0.505,-1.0,-1.0,0.503,0.4,0.5,0.5,-1.0,-1.0,0.5,-1.0,-1.0,0.0,0:00:11.167056
255_20210829002654.jpg,4,2,0.6505,1.0,1.0,-1.0,-1.0,0.6505,0.35,0.65,0.65,-1.0,-1.0,0.65,-1.0,-1.0,0.0,0:00:11.721157
267_20210726213356.jpg,1,1,0.0,0.0,0.0,-1.0,0.0,-1.0,0.0,0.0,0.0,-1.0,0.0,-1.0,-1.0,-1.0,0.0,0:00:12.265576
245_20210903231809.jpg,3,2,0.5535,1.0,0.505,-1.0,-1.0,0.5535,0.45,0.55,0.55,-1.0,-1.0,0.55,-1.0,-1.0,0.0,0:00:12.833302
296_20210808000033.jpg,1,1,0.7,1.0,1.0,-1.0,-1.0,0.7,0.7,0.7,0.7,-1.0,-1.0,0.7,-1.0,-1.0,0.0,0:00:13.388174
294_20210811004612.jpg,11,9,0.0406,0.2079,0.0,-1.0,0.0406,-1.0,0.0,0.0889,0.1222,-1.0,0.1222,-1.0,-1.0,-1.0,0.0,0:00:13.949997
292_20210904012413.jpg,4,2,0.6855,0.835,0.835,-1.0,-1.0,0.6855,0.45,0.8,0.8,-1.0,-1.0,0.8,-1.0,-1.0,0.0,0:00:14.509322
105_20200911142338.jpg,5,0,-1.0,-1.0,-1.0,-1.0,-1.0,-1.0,-1.0,-1.0,-1.0,-1.0,-1.0,-1.0,-1.0,-1.0,0.0,0:00:15.028993
271_20210919223002.jpg,5,2,0.701,1.0,1.0,-1.0,-1.0,0.701,0.4,0.7,0.7,-1.0,-1.0,0.7,-1.0,-1.0,0.0,0:00:15.592429
170_20200626030423.jpg,29,27,0.3663,0.7446,0.3473,-1.0,0.2316,0.6703,0.0259,0.237,0.4444,-1.0,0.355,0.7,-1.0,-1.0,0.0,0:00:16.156959
266_20210722014639.jpg,9,5,0.2619,0.8448,0.0,-1.0,0.2619,-1.0,0.06,0.34,0.34,-1.0,0.34,-1.0,-1.0,-1.0,0.0,0:00:16.719241
145_20200702004712.jpg,6,3,0.6,1.0,0.6634,-1.0,0.501,0.8,0.2667,0.6,0.6,-1.0,0.5,0.8,-1.0,-1.0,0.0,0:00:17.262994
220_20210921201539.jpg,3,1,0.1,0.5,0.0,-1.0,-1.0,0.1,0.0,0.2,0.2,-1.0,-1.0,0.2,-1.0,-1.0,0.0,0:00:17.818564
252_20210912112636.jpg,2,1,0.4,1.0,0.0,-1.0,-1.0,0.4,0.4,0.4,0.4,-1.0,-1.0,0.4,-1.0,-1.0,0.0,0:00:18.368704
149_20200728221648.jpg,8,7,0.2986,0.8317,0.1597,-1.0,0.3659,-1.0,0.0286,0.4429,0.4429,-1.0,0.4429,-1.0,-1.0,-1.0,0.0,0:00:18.916672
252_20210802033447.jpg,6,4,0.3823,0.6535,0.2525,0.0,0.5,0.6,0.1,0.525,0.525,0.0,0.5,0.8,-1.0,-1.0,0.0,0:00:19.495495
126_20200809023105.jpg,250,177,0.3567,0.5291,0.4228,-1.0,0.2545,0.6808,0.0028,0.0429,0.4011,-1.0,0.2978,0.7233,-1.0,-1.0,0.0,0:00:20.442970
292_20210925000628.jpg,2,2,0.4545,0.505,0.505,-1.0,0.0,0.9,0.45,0.45,0.45,-1.0,0.0,0.9,-1.0,-1.0,0.0,0:00:21.002647
292_20210905021928.jpg,6,3,0.2139,0.6442,0.299,-1.0,0.3,0.1929,0.0,0.4333,0.4333,-1.0,0.6,0.35,-1.0,-1.0,0.0,0:00:21.562403
178_20200703002934.jpg,16,11,0.7685,0.9412,0.7633,-1.0,0.4306,0.898,0.0909,0.7091,0.8091,-1.0,0.65,0.9,-1.0,-1.0,0.0,0:00:22.110159
118_20200825063408.jpg,5,2,0.1586,0.6667,0.0,-1.0,0.1586,-1.0,0.0,0.25,0.25,-1.0,0.25,-1.0,-1.0,-1.0,0.0,0:00:22.659359
243_20210824030039.jpg,6,6,0.2546,0.5264,0.1683,-1.0,0.0924,1.0,0.1667,0.3,0.3,-1.0,0.16,1.0,-1.0,-1.0,0.0,0:00:23.226555
281_20210805000306.jpg,6,6,0.248,0.7772,0.0561,0.2,0.1262,0.3663,0.0333,0.3333,0.3333,0.2,0.15,0.5,-1.0,-1.0,0.0,0:00:23.792013
126_20200908002014.jpg,14,1,0.4,1.0,0.0,-1.0,-1.0,0.4,0.4,0.4,0.4,-1.0,-1.0,0.4,-1.0,-1.0,0.0,0:00:24.343449
243_20210729012329.jpg,6,2,0.4172,1.0,0.2525,-1.0,-1.0,0.4172,0.05,0.6,0.6,-1.0,-1.0,0.6,-1.0,-1.0,0.0,0:00:24.913752
211_20210727235523.jpg,5,2,0.5502,0.6667,0.6667,-1.0,-1.0,0.5502,0.0,0.85,0.85,-1.0,-1.0,0.85,-1.0,-1.0,0.0,0:00:25.478011
106_20200731091712.jpg,2,0,-1.0,-1.0,-1.0,-1.0,-1.0,-1.0,-1.0,-1.0,-1.0,-1.0,-1.0,-1.0,-1.0,-1.0,0.0,0:00:26.010470
105_20200807235113.jpg,26,21,0.2983,0.4533,0.2707,-1.0,0.1671,0.6187,0.0476,0.2667,0.381,-1.0,0.26,0.6833,-1.0,-1.0,0.0,0:00:26.573819
185_20200817002529.jpg,21,15,0.3884,0.7606,0.3107,-1.0,0.2823,0.5082,0.06,0.3867,0.4933,-1.0,0.4429,0.5375,-1.0,-1.0,0.0,0:00:27.137475
251_20210902032231.jpg,6,4,0.5624,0.9505,0.505,-1.0,0.15,0.6653,0.2,0.575,0.575,-1.0,0.3,0.6667,-1.0,-1.0,0.0,0:00:27.703067
296_20210812024254.jpg,4,2,0.6,1.0,1.0,-1.0,0.6,0.6,0.3,0.6,0.6,-1.0,0.6,0.6,-1.0,-1.0,0.0,0:00:28.273978
246_20210911233104.jpg,5,1,0.9,1.0,1.0,-1.0,-1.0,0.9,0.9,0.9,0.9,-1.0,-1.0,0.9,-1.0,-1.0,0.0,0:00:28.836215
209_20210810063258.jpg,2,1,0.6,1.0,1.0,-1.0,-1.0,0.6,0.6,0.6,0.6,-1.0,-1.0,0.6,-1.0,-1.0,0.0,0:00:29.392673
272_20210801014921.jpg,4,2,0.6525,0.835,0.835,-1.0,-1.0,0.6525,0.45,0.75,0.75,-1.0,-1.0,0.75,-1.0,-1.0,0.0,0:00:29.954434
133_20200712001605.jpg,7,4,0.3277,0.6287,0.3812,-1.0,0.303,0.435,0.15,0.4,0.4,-1.0,0.3,0.5,-1.0,-1.0,0.0,0:00:30.507663
290_20210911092553.jpg,3,2,0.5252,1.0,0.2525,-1.0,-1.0,0.5252,0.25,0.55,0.55,-1.0,-1.0,0.55,-1.0,-1.0,0.0,0:00:31.069000
150_20200616010127.jpg,16,10,0.6291,0.8909,0.7382,-1.0,0.495,0.7802,0.1,0.56,0.69,-1.0,0.6,0.78,-1.0,-1.0,0.0,0:00:31.618020
265_20211009131133.jpg,1,0,-1.0,-1.0,-1.0,-1.0,-1.0,-1.0,-1.0,-1.0,-1.0,-1.0,-1.0,-1.0,-1.0,-1.0,0.0,0:00:32.143879
214_20210914233335.jpg,13,7,0.5676,0.8654,0.6419,-1.0,0.3317,0.6519,0.1,0.6143,0.6714,-1.0,0.45,0.76,-1.0,-1.0,0.0,0:00:32.715596
271_20210919222549.jpg,2,2,0.7,1.0,1.0,-1.0,-1.0,0.7,0.35,0.7,0.7,-1.0,-1.0,0.7,-1.0,-1.0,0.0,0:00:33.275118
194_20200603011310.jpg,10,4,0.4861,0.7277,0.6287,-1.0,0.3855,0.635,0.175,0.675,0.675,-1.0,0.55,0.8,-1.0,-1.0,0.0,0:00:33.824365
294_20210806001106.jpg,2,2,0.2525,0.505,0.0,-1.0,-1.0,0.2525,0.25,0.25,0.25,-1.0,-1.0,0.25,-1.0,-1.0,0.0,0:00:34.383230
213_20210909014038.jpg,6,3,0.3653,0.6634,0.3366,-1.0,-1.0,0.3653,0.2,0.3667,0.3667,-1.0,-1.0,0.3667,-1.0,-1.0,0.0,0:00:34.942143
271_20210924201749.jpg,3,1,0.2,0.5,0.0,-1.0,0.4,-1.0,0.0,0.4,0.4,-1.0,0.4,-1.0,-1.0,-1.0,0.0,0:00:35.499918
259_20210727042917.jpg,5,3,0.2,0.3317,0.1683,-1.0,0.602,0.0,0.0,0.4,0.4,-1.0,0.6,0.0,-1.0,-1.0,0.0,0:00:36.062619
220_20210926072441.jpg,7,2,0.2175,0.835,0.0,-1.0,0.25,0.2,0.1,0.35,0.35,-1.0,0.5,0.2,-1.0,-1.0,0.0,0:00:36.626247
141_20200714231702.jpg,16,10,0.3263,0.6681,0.3289,-1.0,0.1257,0.5588,0.07,0.41,0.46,-1.0,0.28,0.64,-1.0,-1.0,0.0,0:00:37.172988
150_20200629232830.jpg,14,11,0.3798,0.6246,0.5074,-1.0,0.3307,0.9,0.0818,0.4,0.4273,-1.0,0.38,0.9,-1.0,-1.0,0.0,0:00:37.716511
243_20210731232116.jpg,3,1,0.1,1.0,0.0,-1.0,-1.0,0.1,0.1,0.1,0.1,-1.0,-1.0,0.1,-1.0,-1.0,0.0,0:00:38.275560
276_20210813055514.jpg,6,3,0.398,0.6634,0.6634,-1.0,0.303,0.6,0.2,0.4,0.4,-1.0,0.3,0.6,-1.0,-1.0,0.0,0:00:38.837021
271_20210911223148.jpg,9,8,0.3203,0.5825,0.1802,-1.0,0.1543,0.7525,0.125,0.3625,0.3625,-1.0,0.2333,0.75,-1.0,-1.0,0.0,0:00:39.403004
246_20210825225740.jpg,2,2,0.4757,1.0,0.2525,-1.0,-1.0,0.4757,0.2,0.55,0.55,-1.0,-1.0,0.55,-1.0,-1.0,0.0,0:00:39.963873
220_20210916051106.jpg,4,2,0.601,1.0,0.505,-1.0,0.5,0.7,0.35,0.6,0.6,-1.0,0.5,0.7,-1.0,-1.0,0.0,0:00:40.525059
113_20200601230851.jpg,7,9,0.2349,0.5545,0.1188,-1.0,0.2287,0.35,0.0778,0.2444,0.2444,-1.0,0.225,0.4,-1.0,-1.0,0.0,0:00:41.089755
279_20210918102922.jpg,0,1,0.0,0.0,0.0,-1.0,0.0,-1.0,0.0,0.0,0.0,-1.0,0.0,-1.0,-1.0,-1.0,0.0,0:00:41.636338
225_20210729023812.jpg,3,2,0.0,0.0,0.0,-1.0,-1.0,0.0,0.0,0.0,0.0,-1.0,-1.0,0.0,-1.0,-1.0,0.0,0:00:42.192660
290_20210828175541.jpg,2,2,0.303,0.505,0.505,-1.0,0.0,0.6,0.3,0.3,0.3,-1.0,0.0,0.6,-1.0,-1.0,0.0,0:00:42.745634
141_20200704025515.jpg,7,5,0.5748,0.7921,0.7921,-1.0,-1.0,0.5748,0.14,0.6,0.6,-1.0,-1.0,0.6,-1.0,-1.0,0.0,0:00:43.288674
191_20200822020355.jpg,22,16,0.6586,0.8744,0.7244,-1.0,0.3609,0.8143,0.0625,0.5562,0.7063,-1.0,0.38,0.8545,-1.0,-1.0,0.0,0:00:43.842735
271_20210917060830.jpg,10,9,0.2655,0.47,0.2277,-1.0,0.1724,0.602,0.0889,0.2889,0.2889,-1.0,0.2,0.6,-1.0,-1.0,0.0,0:00:44.417428
221_20210902121148.jpg,1,1,0.7,1.0,1.0,-1.0,-1.0,0.7,0.7,0.7,0.7,-1.0,-1.0,0.7,-1.0,-1.0,0.0,0:00:44.965887
140_20200719020358.jpg,15,10,0.2458,0.884,0.1485,-1.0,0.1873,0.3822,0.06,0.24,0.32,-1.0,0.25,0.425,-1.0,-1.0,0.0,0:00:45.519684
294_20210804031859.jpg,9,5,0.3368,0.868,0.1353,-1.0,0.3368,-1.0,0.06,0.48,0.48,-1.0,0.48,-1.0,-1.0,-1.0,0.0,0:00:46.080882
290_20210904045343.jpg,26,6,0.3233,0.5802,0.303,-1.0,0.2716,0.8,0.0,0.45,0.4667,-1.0,0.4,0.8,-1.0,-1.0,0.0,0:00:46.651513
105_20200718234105.jpg,42,23,0.2137,0.6409,0.08,0.0333,0.2512,0.3,0.013,0.0957,0.4304,0.2,0.4476,0.3,-1.0,-1.0,0.0,0:00:47.223272
292_20210830120629.jpg,3,1,0.35,0.5,0.5,-1.0,-1.0,0.35,0.0,0.7,0.7,-1.0,-1.0,0.7,-1.0,-1.0,0.0,0:00:47.769604
192_20200719090142.jpg,61,38,0.3972,0.8502,0.2038,0.3,0.4089,0.459,0.0158,0.1447,0.5105,0.3,0.4971,0.85,-1.0,-1.0,0.0,0:00:48.368765
271_20210923005247.jpg,5,2,0.7185,0.835,0.835,-1.0,0.8,0.9,0.45,0.85,0.85,-1.0,0.8,0.9,-1.0,-1.0,0.0,0:00:48.939073
175_20200804233958.jpg,11,3,0.1673,0.3317,0.1683,-1.0,0.3129,-1.0,0.0,0.3333,0.3333,-1.0,0.3333,-1.0,-1.0,-1.0,0.0,0:00:49.483092
243_20210831003341.jpg,5,1,0.8,1.0,1.0,-1.0,-1.0,0.8,0.8,0.8,0.8,-1.0,-1.0,0.8,-1.0,-1.0,0.0,0:00:50.051019
292_20210908052706.jpg,11,5,0.4516,0.5767,0.5767,-1.0,0.0707,0.6618,0.16,0.64,0.64,-1.0,0.35,0.8333,-1.0,-1.0,0.0,0:00:50.620335
274_20210807035539.jpg,4,3,0.4827,0.6634,0.5,-1.0,0.2693,0.9,0.3,0.5,0.5,-1.0,0.3,0.9,-1.0,-1.0,0.0,0:00:51.187764
288_20210801022820.jpg,10,6,0.1694,0.5354,0.0337,-1.0,0.1874,0.1,0.05,0.3333,0.3333,-1.0,0.38,0.1,-1.0,-1.0,0.0,0:00:51.756223
221_20210912131045.jpg,17,2,0.2525,0.505,0.0,-1.0,0.0,0.5,0.25,0.25,0.25,-1.0,0.0,0.5,-1.0,-1.0,0.0,0:00:52.321882
211_20210823122604.jpg,4,2,0.5525,1.0,0.505,-1.0,-1.0,0.5525,0.4,0.55,0.55,-1.0,-1.0,0.55,-1.0,-1.0,0.0,0:00:52.840516
290_20211005170133.jpg,3,1,0.7,1.0,1.0,-1.0,-1.0,0.7,0.7,0.7,0.7,-1.0,-1.0,0.7,-1.0,-1.0,0.0,0:00:53.390151
261_20210915170731.jpg,1,1,0.4,1.0,0.0,-1.0,0.4,-1.0,0.4,0.4,0.4,-1.0,0.4,-1.0,-1.0,-1.0,0.0,0:00:53.935620
158_20200624000859.jpg,20,12,0.3087,0.6344,0.2161,-1.0,0.0957,0.6603,0.0417,0.3083,0.5083,-1.0,0.25,0.7667,-1.0,-1.0,0.0,0:00:54.481357
126_20200814034644.jpg,41,19,0.5073,0.7418,0.5636,-1.0,0.2003,0.7781,0.0526,0.4368,0.5421,-1.0,0.2444,0.81,-1.0,-1.0,0.0,0:00:55.057498
277_20210731000943.jpg,3,1,0.4,1.0,0.0,-1.0,-1.0,0.4,0.4,0.4,0.4,-1.0,-1.0,0.4,-1.0,-1.0,0.0,0:00:55.618713
273_20210806050844.jpg,10,7,0.2244,0.7822,0.0186,-1.0,0.2221,0.3,0.0429,0.3,0.3,-1.0,0.3,0.3,-1.0,-1.0,0.0,0:00:56.180867
179_20200724034826.jpg,13,11,0.3461,0.8317,0.2115,0.2252,0.3901,-1.0,0.0636,0.3455,0.4364,0.25,0.4778,-1.0,-1.0,-1.0,0.0,0:00:56.732084
280_20210807223130.jpg,8,3,0.3494,0.4673,0.4183,-1.0,-1.0,0.3552,0.2667,0.5333,0.5333,-1.0,-1.0,0.5333,-1.0,-1.0,0.0,0:00:57.294578
120_20200625034445.jpg,33,23,0.463,0.8524,0.392,-1.0,0.3608,0.6102,0.0304,0.313,0.5261,-1.0,0.4077,0.68,-1.0,-1.0,0.0,0:00:57.860159
243_20210802020446.jpg,6,3,0.3439,0.6106,0.4422,-1.0,0.2,0.4168,0.0,0.5667,0.5667,-1.0,0.4,0.65,-1.0,-1.0,0.0,0:00:58.427074
105_20200817000215.jpg,28,10,0.2283,0.3389,0.2937,-1.0,0.2297,0.2356,0.07,0.24,0.35,-1.0,0.4,0.2333,-1.0,-1.0,0.0,0:00:58.988042
286_20210824213031.jpg,1,2,0.303,0.505,0.505,0.0,0.6,-1.0,0.3,0.3,0.3,0.0,0.6,-1.0,-1.0,-1.0,0.0,0:00:59.543618
118_20200819031806.jpg,25,14,0.5027,0.7953,0.3969,-1.0,0.3409,0.7198,0.0714,0.4214,0.6143,-1.0,0.5,0.7667,-1.0,-1.0,0.0,0:01:00.100855
118_20200825225303.jpg,1,1,0.0,0.0,0.0,-1.0,0.0,-1.0,0.0,0.0,0.0,-1.0,0.0,-1.0,-1.0,-1.0,0.0,0:01:00.637775
118_20200626144524.jpg,0,0,-1.0,-1.0,-1.0,-1.0,-1.0,-1.0,-1.0,-1.0,-1.0,-1.0,-1.0,-1.0,-1.0,-1.0,None,0:01:01.171628
126_20200708004339.jpg,26,22,0.6514,0.8552,0.7765,0.0,0.4708,0.7829,0.0318,0.4,0.7182,0.0,0.64,0.84,-1.0,-1.0,0.0,0:01:01.731983
185_20200905124139.jpg,3,1,0.3,1.0,0.0,-1.0,-1.0,0.3,0.3,0.3,0.3,-1.0,-1.0,0.3,-1.0,-1.0,0.0,0:01:02.265334
118_20200613004736.jpg,13,10,0.4014,0.7026,0.3729,-1.0,0.3519,0.4901,0.06,0.44,0.47,-1.0,0.45,0.5,-1.0,-1.0,0.0,0:01:02.823730
157_20200707033040.jpg,43,30,0.4998,0.9593,0.3918,-1.0,0.3585,0.5316,0.02,0.2033,0.5833,-1.0,0.5167,0.6,-1.0,-1.0,0.0,0:01:03.402375
196_20200808233933.jpg,255,192,0.3341,0.4742,0.4137,-1.0,0.3147,0.5015,0.0042,0.0406,0.3688,-1.0,0.3462,0.5348,-1.0,-1.0,0.0,0:01:04.403008
192_20200709180854.jpg,5,3,0.3589,0.8342,0.0842,-1.0,0.4757,0.4,0.1333,0.5,0.5,-1.0,0.55,0.4,-1.0,-1.0,0.0,0:01:04.946847
295_20210815012814.jpg,5,3,0.6667,1.0,1.0,-1.0,0.6667,-1.0,0.2333,0.7,0.7,-1.0,0.7,-1.0,-1.0,-1.0,0.0,0:01:05.512753
220_20210902225939.jpg,8,4,0.3337,0.9505,0.1287,-1.0,0.4663,0.2,0.05,0.425,0.425,-1.0,0.5,0.2,-1.0,-1.0,0.0,0:01:06.079259
296_20210810013829.jpg,2,1,0.4,1.0,0.0,-1.0,0.4,-1.0,0.4,0.4,0.4,-1.0,0.4,-1.0,-1.0,-1.0,0.0,0:01:06.645170
281_20210807040422.jpg,2,1,0.7,1.0,1.0,-1.0,0.7,-1.0,0.7,0.7,0.7,-1.0,0.7,-1.0,-1.0,-1.0,0.0,0:01:07.202909
211_20210916194721.jpg,1,1,0.3,1.0,0.0,-1.0,-1.0,0.3,0.3,0.3,0.3,-1.0,-1.0,0.3,-1.0,-1.0,0.0,0:01:07.754691
290_20210824071033.jpg,4,2,0.3535,0.505,0.505,-1.0,0.0,0.7,0.35,0.35,0.35,-1.0,0.0,0.7,-1.0,-1.0,0.0,0:01:08.313530
266_20210905044726.jpg,10,4,0.3607,0.6906,0.3399,-1.0,0.4631,0.303,0.15,0.4,0.4,-1.0,0.5,0.3,-1.0,-1.0,0.0,0:01:08.879872
105_20200807234246.jpg,44,21,0.3138,0.6183,0.2673,0.1,0.1012,0.8282,0.0476,0.2429,0.4286,0.1,0.2786,0.8333,-1.0,-1.0,0.0,0:01:09.449385
263_20211009150021.jpg,2,1,0.6,1.0,1.0,-1.0,-1.0,0.6,0.6,0.6,0.6,-1.0,-1.0,0.6,-1.0,-1.0,0.0,0:01:10.000460
289_20210830204948.jpg,4,1,0.1,1.0,0.0,-1.0,-1.0,0.1,0.1,0.1,0.1,-1.0,-1.0,0.1,-1.0,-1.0,0.0,0:01:10.556063
194_20200624125730.jpg,7,0,-1.0,-1.0,-1.0,-1.0,-1.0,-1.0,-1.0,-1.0,-1.0,-1.0,-1.0,-1.0,-1.0,-1.0,0.0,0:01:11.089136
167_20200601005407.jpg,19,16,0.4128,0.7765,0.3585,-1.0,0.3085,0.9,0.0625,0.3313,0.4563,-1.0,0.3538,0.9,-1.0,-1.0,0.0,0:01:11.636776
244_20211012001720.jpg,3,2,0.2767,1.0,0.2525,-1.0,0.1,0.8,0.05,0.45,0.45,-1.0,0.1,0.8,-1.0,-1.0,0.0,0:01:12.194640
220_20210915020842.jpg,4,3,0.301,0.5545,0.3366,-1.0,0.3337,-1.0,0.2333,0.3333,0.3333,-1.0,0.3333,-1.0,-1.0,-1.0,0.0,0:01:12.759264
153_20200623084757.jpg,27,16,0.3169,0.6937,0.2606,-1.0,0.2842,0.5151,0.0,0.325,0.4437,-1.0,0.3,0.875,-1.0,-1.0,0.0,0:01:13.320868
198_20200731024651.jpg,67,53,0.6421,0.8692,0.7381,0.0,0.2936,0.7834,0.0189,0.1547,0.7434,0.0,0.5667,0.8351,-1.0,-1.0,0.0,0:01:13.950604
288_20210731233910.jpg,5,4,0.4079,0.6535,0.5545,-1.0,0.2997,0.7,0.175,0.5,0.5,-1.0,0.4333,0.7,-1.0,-1.0,0.0,0:01:14.512886
263_20210908015618.jpg,7,6,0.1725,0.3787,0.0842,0.0,0.1551,0.8,0.0,0.2667,0.2667,0.0,0.2667,0.8,-1.0,-1.0,0.0,0:01:15.077757
290_20210907211004.jpg,4,1,0.6,1.0,1.0,-1.0,-1.0,0.6,0.6,0.6,0.6,-1.0,-1.0,0.6,-1.0,-1.0,0.0,0:01:15.638432
274_20210831001030.jpg,1,1,0.0,0.0,0.0,-1.0,0.0,-1.0,0.0,0.0,0.0,-1.0,0.0,-1.0,-1.0,-1.0,0.0,0:01:16.197887
150_20200724012909.jpg,58,39,0.3294,0.8017,0.2736,-1.0,0.3229,0.6832,0.0179,0.141,0.441,-1.0,0.4194,0.7,-1.0,-1.0,0.0,0:01:16.792378
294_20210813025115.jpg,27,19,0.1488,0.4369,0.0814,-1.0,0.1398,0.6,0.0316,0.1158,0.2684,-1.0,0.25,0.6,-1.0,-1.0,0.0,0:01:17.371405
214_20210919012415.jpg,11,2,0.2333,0.3939,0.2525,-1.0,0.0667,0.7,0.0,0.55,0.55,-1.0,0.4,0.7,-1.0,-1.0,0.0,0:01:17.940034
270_20210906182459.jpg,5,1,0.125,0.25,0.0,-1.0,-1.0,0.1667,0.0,0.5,0.5,-1.0,-1.0,0.5,-1.0,-1.0,0.0,0:01:18.503550
296_20210815034520.jpg,14,11,0.1172,0.3416,0.0627,-1.0,0.1172,-1.0,0.0273,0.2,0.2273,-1.0,0.2273,-1.0,-1.0,-1.0,0.0,0:01:19.067323
153_20200614010227.jpg,45,24,0.4217,0.8734,0.2833,-1.0,0.4666,0.3795,0.025,0.2208,0.5083,-1.0,0.5312,0.4625,-1.0,-1.0,0.0,0:01:19.649789
268_20210821012425.jpg,7,2,0.404,0.505,0.505,0.0,-1.0,0.8,0.4,0.4,0.4,0.0,-1.0,0.8,-1.0,-1.0,0.0,0:01:20.217376
271_20210917213713.jpg,23,18,0.1434,0.3269,0.1199,0.0,0.1122,0.7,0.0389,0.1278,0.2611,0.0,0.2667,0.7,-1.0,-1.0,0.0,0:01:20.793275
246_20210913165519.jpg,1,0,-1.0,-1.0,-1.0,-1.0,-1.0,-1.0,-1.0,-1.0,-1.0,-1.0,-1.0,-1.0,-1.0,-1.0,0.0,0:01:21.330018
266_20210907045405.jpg,6,3,0.0867,0.299,0.0673,-1.0,0.1,-1.0,0.0,0.2667,0.2667,-1.0,0.2667,-1.0,-1.0,-1.0,0.0,0:01:21.891506
118_20200814091932.jpg,1,1,0.0,0.0,0.0,-1.0,-1.0,0.0,0.0,0.0,0.0,-1.0,-1.0,0.0,-1.0,-1.0,0.0,0:01:22.420165
270_20210825150418.jpg,9,0,-1.0,-1.0,-1.0,-1.0,-1.0,-1.0,-1.0,-1.0,-1.0,-1.0,-1.0,-1.0,-1.0,-1.0,0.0,0:01:22.937694
253_20210725225253.jpg,6,5,0.1437,0.434,0.0,-1.0,0.2218,0.1515,0.06,0.22,0.22,-1.0,0.2667,0.15,-1.0,-1.0,0.0,0:01:23.496014
294_20210811022225.jpg,30,25,0.1268,0.3102,0.1126,-1.0,0.0933,0.8,0.024,0.092,0.244,-1.0,0.2208,0.8,-1.0,-1.0,0.0,0:01:24.079978
192_20200712120837.jpg,187,132,0.3063,0.5291,0.3376,-1.0,0.3089,-1.0,0.0053,0.047,0.3871,-1.0,0.3871,-1.0,-1.0,-1.0,0.0,0:01:24.919355
211_20210912215919.jpg,3,2,0.5262,1.0,0.2525,-1.0,-1.0,0.5262,0.2,0.65,0.65,-1.0,-1.0,0.65,-1.0,-1.0,0.0,0:01:25.480204
249_20210805222032.jpg,5,4,0.2545,0.3812,0.3812,0.0,0.1515,0.7,0.175,0.325,0.325,0.0,0.3,0.7,-1.0,-1.0,0.0,0:01:26.042288
268_20210821021450.jpg,5,1,0.4,1.0,0.0,-1.0,-1.0,0.4,0.4,0.4,0.4,-1.0,-1.0,0.4,-1.0,-1.0,0.0,0:01:26.609815
209_20210807043553.jpg,1,1,0.4,1.0,0.0,-1.0,0.4,-1.0,0.4,0.4,0.4,-1.0,0.4,-1.0,-1.0,-1.0,0.0,0:01:27.167171
216_20210725233112.jpg,7,3,0.2966,0.8317,0.0673,-1.0,0.3,0.3757,0.1333,0.4,0.4,-1.0,0.3,0.45,-1.0,-1.0,0.0,0:01:27.732390
191_20200823002908.jpg,10,5,0.7014,0.901,0.901,-1.0,-1.0,0.7252,0.16,0.78,0.78,-1.0,-1.0,0.78,-1.0,-1.0,0.0,0:01:28.274557
270_20210829192706.jpg,6,1,0.4,1.0,0.0,-1.0,-1.0,0.4,0.4,0.4,0.4,-1.0,-1.0,0.4,-1.0,-1.0,0.0,0:01:28.825809
270_20210825164410.jpg,7,0,-1.0,-1.0,-1.0,-1.0,-1.0,-1.0,-1.0,-1.0,-1.0,-1.0,-1.0,-1.0,-1.0,-1.0,0.0,0:01:29.357490
191_20200822031242.jpg,12,9,0.5239,0.9485,0.6478,-1.0,0.1003,0.6445,0.0889,0.5333,0.5556,-1.0,0.15,0.6714,-1.0,-1.0,0.0,0:01:29.903058
164_20200808230035.jpg,7,5,0.2369,1.0,0.104,-1.0,0.202,0.5,0.04,0.32,0.32,-1.0,0.2,0.8,-1.0,-1.0,0.0,0:01:30.449310
211_20210912212621.jpg,4,4,0.3396,0.6287,0.2525,-1.0,0.398,0.5,0.125,0.425,0.425,-1.0,0.4,0.5,-1.0,-1.0,0.0,0:01:31.010334
149_20200628001909.jpg,36,23,0.5785,0.9329,0.716,-1.0,-1.0,0.5787,0.0174,0.2696,0.687,-1.0,-1.0,0.687,-1.0,-1.0,0.0,0:01:31.577405
294_20210813225345.jpg,13,9,0.29,0.7014,0.1188,-1.0,0.2278,0.502,0.0778,0.3444,0.3444,-1.0,0.3,0.5,-1.0,-1.0,0.0,0:01:32.146018
171_20200609133242.jpg,0,2,0.0,0.0,0.0,-1.0,0.0,-1.0,0.0,0.0,0.0,-1.0,0.0,-1.0,-1.0,-1.0,0.0,0:01:32.683807
211_20210912231100.jpg,4,2,0.7515,1.0,1.0,-1.0,-1.0,0.7515,0.45,0.75,0.75,-1.0,-1.0,0.75,-1.0,-1.0,0.0,0:01:33.244940
271_20210923002417.jpg,4,1,0.9,1.0,1.0,-1.0,-1.0,0.9,0.9,0.9,0.9,-1.0,-1.0,0.9,-1.0,-1.0,0.0,0:01:33.811955
292_20210830070742.jpg,9,3,0.7386,1.0,0.7228,-1.0,-1.0,0.7386,0.3,0.8,0.8,-1.0,-1.0,0.8,-1.0,-1.0,0.0,0:01:34.366005
168_20200720022257.jpg,22,16,0.4537,0.6776,0.3661,-1.0,0.2631,0.7433,0.0562,0.425,0.5688,-1.0,0.4,0.85,-1.0,-1.0,0.0,0:01:34.925887
294_20210816043515.jpg,7,5,0.072,0.1832,0.052,-1.0,0.072,-1.0,0.0,0.2,0.2,-1.0,0.2,-1.0,-1.0,-1.0,0.0,0:01:35.485696
266_20210908013649.jpg,7,4,0.2594,0.8515,0.1287,-1.0,0.2337,0.45,0.05,0.375,0.375,-1.0,0.2667,0.7,-1.0,-1.0,0.0,0:01:36.048263
196_20200813000842.jpg,71,57,0.2679,0.7719,0.0864,-1.0,0.2815,0.278,0.0035,0.0509,0.3912,-1.0,0.3739,0.4636,-1.0,-1.0,0.0,0:01:36.691555
213_20210825044251.jpg,3,1,0.5,1.0,0.0,-1.0,-1.0,0.5,0.5,0.5,0.5,-1.0,-1.0,0.5,-1.0,-1.0,0.0,0:01:37.255469
255_20210911013808.jpg,8,2,0.2238,0.67,0.0721,-1.0,0.1833,0.3,0.15,0.45,0.45,-1.0,0.6,0.3,-1.0,-1.0,0.0,0:01:37.817002
170_20200625022503.jpg,12,9,0.251,0.5743,0.1188,0.0,0.1973,0.4,0.0889,0.3111,0.3333,0.0,0.36,0.4,-1.0,-1.0,0.0,0:01:38.368306
217_20210723022925.jpg,3,3,0.2693,0.3366,0.3366,0.0,0.0,0.8,0.2667,0.2667,0.2667,0.0,0.0,0.8,-1.0,-1.0,0.0,0:01:38.927218
292_20210901075315.jpg,1,1,0.5,1.0,0.0,-1.0,-1.0,0.5,0.5,0.5,0.5,-1.0,-1.0,0.5,-1.0,-1.0,0.0,0:01:39.480359
246_20210911231704.jpg,8,4,0.714,0.9175,0.9175,-1.0,0.8,0.7779,0.175,0.825,0.825,-1.0,0.8,0.8333,-1.0,-1.0,0.0,0:01:40.044065
292_20210830070352.jpg,9,4,0.7153,1.0,0.6906,-1.0,-1.0,0.7153,0.25,0.75,0.75,-1.0,-1.0,0.75,-1.0,-1.0,0.0,0:01:40.596994
252_20210902061746.jpg,7,4,0.381,0.7702,0.3281,-1.0,0.3084,0.8,0.2,0.5,0.5,-1.0,0.4,0.8,-1.0,-1.0,0.0,0:01:41.154583
292_20210830121936.jpg,4,1,0.9,1.0,1.0,-1.0,-1.0,0.9,0.9,0.9,0.9,-1.0,-1.0,0.9,-1.0,-1.0,0.0,0:01:41.698351
292_20210813032204.jpg,6,2,0.1515,0.505,0.0,-1.0,0.0,0.3,0.15,0.15,0.15,-1.0,0.0,0.3,-1.0,-1.0,0.0,0:01:42.252654
248_20210806052241.jpg,1,1,0.0,0.0,0.0,-1.0,0.0,-1.0,0.0,0.0,0.0,-1.0,0.0,-1.0,-1.0,-1.0,0.0,0:01:42.814872
146_20200616023945.jpg,63,47,0.6208,0.8813,0.7451,0.0,0.6433,0.7179,0.0191,0.1511,0.7149,0.0,0.7195,0.82,-1.0,-1.0,0.0,0:01:43.427404
261_20210727030115.jpg,1,1,0.3,1.0,0.0,-1.0,-1.0,0.3,0.3,0.3,0.3,-1.0,-1.0,0.3,-1.0,-1.0,0.0,0:01:43.983586
164_20200806025433.jpg,5,2,0.3845,1.0,0.0,-1.0,0.25,0.5,0.25,0.4,0.4,-1.0,0.3,0.5,-1.0,-1.0,0.0,0:01:44.527125
245_20210814222553.jpg,4,4,0.2059,0.2574,0.2574,-1.0,0.2693,0.0,0.2,0.2,0.2,-1.0,0.2667,0.0,-1.0,-1.0,0.0,0:01:45.085404
191_20200810003105.jpg,17,8,0.7892,0.9857,0.9857,-1.0,-1.0,0.7892,0.125,0.85,0.85,-1.0,-1.0,0.85,-1.0,-1.0,0.0,0:01:45.634224
274_20210907012232.jpg,5,4,0.305,0.7525,0.2574,-1.0,0.0505,0.5525,0.2,0.3,0.3,-1.0,0.05,0.55,-1.0,-1.0,0.0,0:01:46.198744
299_20210916025732.jpg,3,1,0.35,0.5,0.5,-1.0,-1.0,0.35,0.0,0.7,0.7,-1.0,-1.0,0.7,-1.0,-1.0,0.0,0:01:46.762885
246_20210913170203.jpg,2,0,-1.0,-1.0,-1.0,-1.0,-1.0,-1.0,-1.0,-1.0,-1.0,-1.0,-1.0,-1.0,-1.0,-1.0,0.0,0:01:47.313418
276_20210817223025.jpg,1,1,0.3,1.0,0.0,-1.0,-1.0,0.3,0.3,0.3,0.3,-1.0,-1.0,0.3,-1.0,-1.0,0.0,0:01:47.878015
286_20210908223917.jpg,2,2,0.4535,1.0,0.505,-1.0,0.1,0.8,0.4,0.45,0.45,-1.0,0.1,0.8,-1.0,-1.0,0.0,0:01:48.438504
155_20200522073640.jpg,1,1,0.1,1.0,0.0,-1.0,-1.0,0.1,0.1,0.1,0.1,-1.0,-1.0,0.1,-1.0,-1.0,0.0,0:01:48.984688
174_20200713114711.jpg,75,55,0.164,0.5724,0.0614,-1.0,0.1729,0.125,0.0073,0.0418,0.3018,-1.0,0.3019,0.3,-1.0,-1.0,0.0,0:01:49.616169
150_20200711020544.jpg,15,5,0.3406,0.604,0.4614,-1.0,0.3562,-1.0,0.16,0.58,0.58,-1.0,0.58,-1.0,-1.0,-1.0,0.0,0:01:50.158757
271_20210923002046.jpg,3,2,0.2272,0.2525,0.2525,-1.0,-1.0,0.2272,0.0,0.45,0.45,-1.0,-1.0,0.45,-1.0,-1.0,0.0,0:01:50.724036
185_20200823121328.jpg,0,0,-1.0,-1.0,-1.0,-1.0,-1.0,-1.0,-1.0,-1.0,-1.0,-1.0,-1.0,-1.0,-1.0,-1.0,None,0:01:51.262129
295_20210827014135.jpg,4,6,0.101,0.3366,0.0842,-1.0,0.1545,0.101,0.0333,0.1333,0.1333,-1.0,0.15,0.1,-1.0,-1.0,0.0,0:01:51.825165
253_20210731234115.jpg,12,3,0.2763,0.5918,0.0,-1.0,0.0714,0.4505,0.1667,0.3,0.4667,-1.0,0.5,0.45,-1.0,-1.0,0.0,0:01:52.398849
289_20210723231024.jpg,7,4,0.0,0.0,0.0,-1.0,0.0,0.0,0.0,0.0,0.0,-1.0,0.0,0.0,-1.0,-1.0,0.0,0:01:52.954359
292_20210904012904.jpg,4,2,0.5525,1.0,0.505,-1.0,-1.0,0.5525,0.4,0.55,0.55,-1.0,-1.0,0.55,-1.0,-1.0,0.0,0:01:53.513160
290_20210826201955.jpg,3,1,0.8,1.0,1.0,-1.0,-1.0,0.8,0.8,0.8,0.8,-1.0,-1.0,0.8,-1.0,-1.0,0.0,0:01:54.061319
292_20210901071831.jpg,4,2,0.4607,0.835,0.505,-1.0,-1.0,0.4607,0.35,0.55,0.55,-1.0,-1.0,0.55,-1.0,-1.0,0.0,0:01:54.615584
178_20200623014150.jpg,22,15,0.3313,0.8629,0.1122,-1.0,0.3645,0.3613,0.0333,0.2267,0.4933,-1.0,0.3778,0.6667,-1.0,-1.0,0.0,0:01:55.168107
253_20210731233747.jpg,7,1,0.3,1.0,0.0,-1.0,-1.0,0.3,0.3,0.3,0.3,-1.0,-1.0,0.3,-1.0,-1.0,0.0,0:01:55.728418
159_20200618202038.jpg,20,0,-1.0,-1.0,-1.0,-1.0,-1.0,-1.0,-1.0,-1.0,-1.0,-1.0,-1.0,-1.0,-1.0,-1.0,0.0,0:01:56.270255
215_20210812051819.jpg,9,4,0.3337,0.8515,0.3453,-1.0,0.3388,0.3262,0.05,0.55,0.55,-1.0,0.65,0.45,-1.0,-1.0,0.0,0:01:56.844175
244_20210925011516.jpg,3,2,0.435,0.835,0.505,-1.0,0.2,0.6,0.3,0.5,0.5,-1.0,0.4,0.6,-1.0,-1.0,0.0,0:01:57.403145
110_20200716014102.jpg,7,4,0.1683,0.3564,0.0,-1.0,0.101,0.2525,0.125,0.225,0.225,-1.0,0.2,0.25,-1.0,-1.0,0.0,0:01:57.954079
211_20210806033413.jpg,3,2,0.5525,1.0,0.505,-1.0,0.3,0.8,0.4,0.55,0.55,-1.0,0.3,0.8,-1.0,-1.0,0.0,0:01:58.518869
274_20210831001527.jpg,2,6,0.202,0.3366,0.1683,0.0,0.2446,-1.0,0.1167,0.2,0.2,0.0,0.24,-1.0,-1.0,-1.0,0.0,0:01:59.081370
148_20200721104105.jpg,4,0,-1.0,-1.0,-1.0,-1.0,-1.0,-1.0,-1.0,-1.0,-1.0,-1.0,-1.0,-1.0,-1.0,-1.0,0.0,0:01:59.614970
153_20200622023407.jpg,20,10,0.5213,0.8035,0.5304,-1.0,0.4299,0.6755,0.08,0.54,0.69,-1.0,0.6167,0.8,-1.0,-1.0,0.0,0:02:00.167431
268_20210822101818.jpg,11,1,0.4,1.0,0.0,-1.0,-1.0,0.4,0.4,0.4,0.4,-1.0,-1.0,0.4,-1.0,-1.0,0.0,0:02:00.722313
137_20200709000931.jpg,10,9,0.7608,1.0,0.9772,-1.0,0.4835,0.8073,0.1,0.7778,0.7778,-1.0,0.65,0.8143,-1.0,-1.0,0.0,0:02:01.269774
294_20210813011442.jpg,24,18,0.1919,0.6908,0.0536,0.0,0.2037,-1.0,0.0056,0.1778,0.3,0.0,0.3176,-1.0,-1.0,-1.0,0.0,0:02:01.846845
159_20200609035301.jpg,24,1,0.9,1.0,1.0,-1.0,-1.0,0.9,0.9,0.9,0.9,-1.0,-1.0,0.9,-1.0,-1.0,0.0,0:02:02.393844
294_20210804220129.jpg,8,8,0.1331,0.5297,0.0,-1.0,0.1521,0.0,0.05,0.175,0.175,-1.0,0.2,0.0,-1.0,-1.0,0.0,0:02:02.949876
292_20210830075918.jpg,6,3,0.5598,0.8653,0.4673,-1.0,-1.0,0.5598,0.2667,0.6667,0.6667,-1.0,-1.0,0.6667,-1.0,-1.0,0.0,0:02:03.497927
168_20200811030834.jpg,21,15,0.2629,0.5779,0.1896,-1.0,0.2961,0.1304,0.0267,0.26,0.3467,-1.0,0.3538,0.3,-1.0,-1.0,0.0,0:02:04.052773
261_20210804151946.jpg,3,1,0.7,1.0,1.0,-1.0,-1.0,0.7,0.7,0.7,0.7,-1.0,-1.0,0.7,-1.0,-1.0,0.0,0:02:04.606071
105_20200727005336.jpg,40,21,0.2436,0.5498,0.0785,0.1,0.226,0.5152,0.019,0.1619,0.4667,0.2,0.4062,0.775,-1.0,-1.0,0.0,0:02:05.171266
149_20200727235251.jpg,44,35,0.6029,0.9237,0.6371,-1.0,0.3108,0.6419,0.0086,0.1914,0.7114,-1.0,0.46,0.7533,-1.0,-1.0,0.0,0:02:05.756755
182_20200705235821.jpg,24,7,0.5857,0.7767,0.7767,-1.0,-1.0,0.6116,0.1143,0.6571,0.7714,-1.0,-1.0,0.7714,-1.0,-1.0,0.0,0:02:06.310431
229_20210727125339.jpg,4,3,0.202,0.3366,0.3366,-1.0,0.0,0.6,0.2,0.2,0.2,-1.0,0.0,0.6,-1.0,-1.0,0.0,0:02:06.864264
273_20210818214254.jpg,2,3,0.2693,0.3366,0.3366,0.0,0.0,0.8,0.2667,0.2667,0.2667,0.0,0.0,0.8,-1.0,-1.0,0.0,0:02:07.425083
132_20200620063010.jpg,1,1,0.3,1.0,0.0,-1.0,-1.0,0.3,0.3,0.3,0.3,-1.0,-1.0,0.3,-1.0,-1.0,0.0,0:02:07.952664
271_20210922010112.jpg,3,3,0.4337,1.0,0.0,-1.0,0.4,0.4505,0.1667,0.4333,0.4333,-1.0,0.4,0.45,-1.0,-1.0,0.0,0:02:08.514128
280_20210816020904.jpg,5,4,0.4975,0.901,0.3812,-1.0,0.301,0.802,0.25,0.55,0.55,-1.0,0.3,0.8,-1.0,-1.0,0.0,0:02:09.074626
192_20200712115551.jpg,176,127,0.2795,0.6069,0.1095,-1.0,0.2805,0.2693,0.0039,0.0394,0.3402,-1.0,0.3408,0.3,-1.0,-1.0,0.0,0:02:09.903138
268_20210827190146.jpg,2,3,0.2337,0.6634,0.0,0.2,0.0,0.5,0.1667,0.2333,0.2333,0.2,0.0,0.5,-1.0,-1.0,0.0,0:02:10.455426
274_20210805014355.jpg,2,2,0.404,0.505,0.505,-1.0,0.0,0.8,0.4,0.4,0.4,-1.0,0.0,0.8,-1.0,-1.0,0.0,0:02:11.015150
296_20210825034717.jpg,4,5,0.2926,0.547,0.4059,-1.0,0.101,0.4317,0.12,0.32,0.32,-1.0,0.1,0.4667,-1.0,-1.0,0.0,0:02:11.578549
294_20210811035958.jpg,11,9,0.2257,0.6525,0.0,0.0,0.2544,-1.0,0.0444,0.2889,0.2889,0.0,0.325,-1.0,-1.0,-1.0,0.0,0:02:12.145320
270_20210826000838.jpg,3,1,0.8,1.0,1.0,-1.0,-1.0,0.8,0.8,0.8,0.8,-1.0,-1.0,0.8,-1.0,-1.0,0.0,0:02:12.707154
213_20210822080256.jpg,3,1,0.45,1.0,0.5,-1.0,-1.0,0.45,0.3,0.6,0.6,-1.0,-1.0,0.6,-1.0,-1.0,0.0,0:02:13.257866
264_20210902142519.jpg,1,1,0.4,1.0,0.0,-1.0,-1.0,0.4,0.4,0.4,0.4,-1.0,-1.0,0.4,-1.0,-1.0,0.0,0:02:13.802277
153_20200618172506.jpg,94,74,0.2711,0.6293,0.2395,-1.0,0.2343,0.6227,0.0095,0.0824,0.3811,-1.0,0.3433,0.7429,-1.0,-1.0,0.0,0:02:14.501231
168_20200619003814.jpg,2,1,0.3,1.0,0.0,-1.0,0.3,-1.0,0.3,0.3,0.3,-1.0,0.3,-1.0,-1.0,-1.0,0.0,0:02:15.036149
288_20210726000911.jpg,5,8,0.1465,0.3465,0.1287,0.0,0.0898,0.6,0.075,0.15,0.15,0.0,0.1,0.6,-1.0,-1.0,0.0,0:02:15.603386
273_20210814054738.jpg,2,1,0.0,0.0,0.0,-1.0,0.0,-1.0,0.0,0.0,0.0,-1.0,0.0,-1.0,-1.0,-1.0,0.0,0:02:16.166657
290_20210920122408.jpg,3,1,0.4,1.0,0.0,-1.0,-1.0,0.4,0.4,0.4,0.4,-1.0,-1.0,0.4,-1.0,-1.0,0.0,0:02:16.693037
126_20200809221918.jpg,40,31,0.3941,0.5706,0.4537,0.0,0.2347,0.7044,0.029,0.2484,0.4645,0.0,0.35,0.7917,-1.0,-1.0,0.0,0:02:17.267896
244_20210907235117.jpg,6,9,0.3191,0.5545,0.3366,-1.0,0.2693,0.4317,0.0778,0.3222,0.3222,-1.0,0.2667,0.4333,-1.0,-1.0,0.0,0:02:17.830228
158_20200604233014.jpg,5,0,-1.0,-1.0,-1.0,-1.0,-1.0,-1.0,-1.0,-1.0,-1.0,-1.0,-1.0,-1.0,-1.0,-1.0,0.0,0:02:18.368959
266_20210914234955.jpg,10,6,0.2053,0.4439,0.1683,-1.0,0.0843,0.7,0.1167,0.2833,0.2833,-1.0,0.2,0.7,-1.0,-1.0,0.0,0:02:18.936500
271_20210919233937.jpg,4,3,0.5,0.8342,0.5545,-1.0,0.5515,0.7,0.2333,0.6,0.6,-1.0,0.55,0.7,-1.0,-1.0,0.0,0:02:19.495657
211_20210730043738.jpg,2,2,0.501,1.0,0.505,-1.0,-1.0,0.501,0.3,0.5,0.5,-1.0,-1.0,0.5,-1.0,-1.0,0.0,0:02:20.050318
290_20210730014134.jpg,5,4,0.8505,1.0,1.0,-1.0,-1.0,0.8505,0.225,0.85,0.85,-1.0,-1.0,0.85,-1.0,-1.0,0.0,0:02:20.610608
243_20210727040047.jpg,4,2,0.501,1.0,0.2525,-1.0,-1.0,0.501,0.2,0.6,0.6,-1.0,-1.0,0.6,-1.0,-1.0,0.0,0:02:21.170251
271_20210918011004.jpg,19,23,0.1743,0.4965,0.0594,0.1,0.1738,0.4,0.0174,0.1435,0.2087,0.2,0.2,0.4,-1.0,-1.0,0.0,0:02:21.744826
294_20210909201650.jpg,4,1,0.1667,0.3333,0.0,-1.0,0.1667,-1.0,0.0,0.5,0.5,-1.0,0.5,-1.0,-1.0,-1.0,0.0,0:02:22.303613
213_20210820022847.jpg,1,1,0.2,1.0,0.0,-1.0,-1.0,0.2,0.2,0.2,0.2,-1.0,-1.0,0.2,-1.0,-1.0,0.0,0:02:22.860067
287_20210824000908.jpg,7,5,0.2953,0.6266,0.2694,-1.0,0.1659,0.4262,0.06,0.48,0.48,-1.0,0.4333,0.55,-1.0,-1.0,0.0,0:02:23.417465
290_20210929003026.jpg,3,2,0.4545,0.505,0.505,-1.0,0.0,0.9,0.45,0.45,0.45,-1.0,0.0,0.9,-1.0,-1.0,0.0,0:02:23.977352
170_20200612143548.jpg,2,0,-1.0,-1.0,-1.0,-1.0,-1.0,-1.0,-1.0,-1.0,-1.0,-1.0,-1.0,-1.0,-1.0,-1.0,0.0,0:02:24.512077
216_20210815021248.jpg,4,1,0.3,1.0,0.0,-1.0,-1.0,0.3,0.3,0.3,0.3,-1.0,-1.0,0.3,-1.0,-1.0,0.0,0:02:25.075270
262_20210913134119.jpg,2,1,0.7,1.0,1.0,-1.0,0.7,-1.0,0.7,0.7,0.7,-1.0,0.7,-1.0,-1.0,-1.0,0.0,0:02:25.618543
278_20210804123151.jpg,2,1,0.3,1.0,0.0,-1.0,-1.0,0.3,0.3,0.3,0.3,-1.0,-1.0,0.3,-1.0,-1.0,0.0,0:02:26.143200
150_20200627001645.jpg,76,57,0.4083,0.9184,0.2671,-1.0,0.3951,0.4589,0.014,0.1018,0.4772,-1.0,0.4591,0.5385,-1.0,-1.0,0.0,0:02:26.791306
246_20210911235804.jpg,1,0,-1.0,-1.0,-1.0,-1.0,-1.0,-1.0,-1.0,-1.0,-1.0,-1.0,-1.0,-1.0,-1.0,-1.0,0.0,0:02:27.340791
150_20200626233608.jpg,29,26,0.4263,0.7649,0.4864,0.0,0.4776,0.4786,0.0231,0.2154,0.5038,0.0,0.5087,0.7,-1.0,-1.0,0.0,0:02:27.906267
294_20210816022912.jpg,5,4,0.2802,0.7525,0.2574,-1.0,0.1,0.8,0.2,0.275,0.275,-1.0,0.1,0.8,-1.0,-1.0,0.0,0:02:28.467011
274_20210823221708.jpg,2,2,0.1262,0.2525,0.0,-1.0,0.1262,-1.0,0.0,0.25,0.25,-1.0,0.25,-1.0,-1.0,-1.0,0.0,0:02:29.024792
250_20210801004024.jpg,29,21,0.1594,0.5366,0.0795,-1.0,0.1212,0.8,0.0381,0.1238,0.2286,-1.0,0.2,0.8,-1.0,-1.0,0.0,0:02:29.602417
249_20210806223955.jpg,1,1,0.0,0.0,0.0,-1.0,-1.0,0.0,0.0,0.0,0.0,-1.0,-1.0,0.0,-1.0,-1.0,0.0,0:02:30.158211
250_20210801042030.jpg,33,23,0.1205,0.4076,0.0594,0.0,0.0895,0.7,0.0304,0.087,0.213,0.0,0.2,0.7,-1.0,-1.0,0.0,0:02:30.745495
172_20200820172310.jpg,1,1,0.6,1.0,1.0,-1.0,-1.0,0.6,0.6,0.6,0.6,-1.0,-1.0,0.6,-1.0,-1.0,0.0,0:02:31.278627
252_20210824055007.jpg,5,2,0.5508,1.0,0.835,-1.0,-1.0,0.5508,0.3,0.65,0.65,-1.0,-1.0,0.65,-1.0,-1.0,0.0,0:02:31.837481
148_20200622004744.jpg,23,17,0.5497,0.8925,0.5407,0.202,0.4053,0.6998,0.0529,0.3882,0.6,0.2,0.48,0.74,-1.0,-1.0,0.0,0:02:32.394684
158_20200603064105.jpg,8,5,0.6893,0.9653,0.7261,-1.0,0.5,0.735,0.18,0.72,0.72,-1.0,0.5,0.775,-1.0,-1.0,0.0,0:02:32.934392
170_20200814052839.jpg,16,16,0.2996,0.5808,0.1517,-1.0,0.2555,0.601,0.0562,0.25,0.375,-1.0,0.3429,0.6,-1.0,-1.0,0.0,0:02:33.500120
294_20210814033900.jpg,20,13,0.1592,0.473,0.0211,-1.0,0.1473,0.6,0.0,0.1692,0.3,-1.0,0.2667,0.7,-1.0,-1.0,0.0,0:02:34.077275
196_20200815215749.jpg,22,17,0.5109,0.7385,0.5401,-1.0,0.4814,0.9,0.0529,0.4176,0.5941,-1.0,0.575,0.9,-1.0,-1.0,0.0,0:02:34.636533
268_20210915025850.jpg,12,6,0.2083,0.3998,0.1683,0.0,0.0126,0.4,0.1333,0.2167,0.2167,0.0,0.05,0.4,-1.0,-1.0,0.0,0:02:35.209190
243_20210823174249.jpg,2,1,0.05,0.5,0.0,-1.0,0.05,-1.0,0.0,0.1,0.1,-1.0,0.1,-1.0,-1.0,-1.0,0.0,0:02:35.740373
289_20210803211532.jpg,1,1,0.3,1.0,0.0,-1.0,-1.0,0.3,0.3,0.3,0.3,-1.0,-1.0,0.3,-1.0,-1.0,0.0,0:02:36.293419
153_20200620174442.jpg,50,31,0.4098,0.858,0.4318,-1.0,0.3826,0.5027,0.0194,0.1903,0.5226,-1.0,0.513,0.55,-1.0,-1.0,0.0,0:02:36.877475
273_20210821215608.jpg,34,22,0.2179,0.4998,0.1402,0.0,0.2333,-1.0,0.0,0.1591,0.3773,0.0,0.3952,-1.0,-1.0,-1.0,0.0,0:02:37.457717
126_20200817015915.jpg,31,19,0.7213,0.9512,0.8039,-1.0,0.5562,0.8221,0.0474,0.4474,0.7947,-1.0,0.7333,0.85,-1.0,-1.0,0.0,0:02:38.019838
271_20210901202949.jpg,1,1,0.2,1.0,0.0,-1.0,-1.0,0.2,0.2,0.2,0.2,-1.0,-1.0,0.2,-1.0,-1.0,0.0,0:02:38.562483
243_20210824024619.jpg,9,5,0.556,0.868,0.4975,-1.0,0.3918,0.801,0.18,0.64,0.64,-1.0,0.5333,0.8,-1.0,-1.0,0.0,0:02:39.124001
220_20210908025114.jpg,4,1,0.1,0.5,0.0,-1.0,0.1,-1.0,0.0,0.2,0.2,-1.0,0.2,-1.0,-1.0,-1.0,0.0,0:02:39.679245
213_20210805034746.jpg,2,1,0.1,1.0,0.0,-1.0,-1.0,0.1,0.1,0.1,0.1,-1.0,-1.0,0.1,-1.0,-1.0,0.0,0:02:40.237472
296_20210815005323.jpg,18,13,0.3267,0.6544,0.3036,-1.0,0.233,0.801,0.0692,0.2923,0.3846,-1.0,0.3091,0.8,-1.0,-1.0,0.0,0:02:40.804875
292_20210830073946.jpg,7,3,0.4321,0.8653,0.4455,-1.0,-1.0,0.4321,0.3,0.6,0.6,-1.0,-1.0,0.6,-1.0,-1.0,0.0,0:02:41.357063
271_20210917211119.jpg,20,17,0.2318,0.6563,0.1584,-1.0,0.1448,0.5738,0.0412,0.2,0.3176,-1.0,0.25,0.6333,-1.0,-1.0,0.0,0:02:41.929703
294_20210811054431.jpg,18,11,0.2062,0.6375,0.0495,-1.0,0.194,0.5,0.0182,0.2455,0.3455,-1.0,0.3,0.8,-1.0,-1.0,0.0,0:02:42.505341
145_20200704223221.jpg,6,3,0.3337,1.0,0.0,-1.0,0.3337,-1.0,0.1333,0.3333,0.3333,-1.0,0.3333,-1.0,-1.0,-1.0,0.0,0:02:43.048338
255_20210915231603.jpg,2,1,0.2,1.0,0.0,-1.0,-1.0,0.2,0.2,0.2,0.2,-1.0,-1.0,0.2,-1.0,-1.0,0.0,0:02:43.602355
192_20200723161615.jpg,549,518,0.0568,0.1668,0.0171,0.0,0.0568,0.0,0.001,0.0087,0.0755,0.0,0.0758,0.0,-1.0,-1.0,0.0,0:02:45.336841
290_20210801020316.jpg,20,3,0.2458,0.4905,0.3366,-1.0,0.0367,0.468,0.2,0.2667,0.4333,-1.0,0.2,0.55,-1.0,-1.0,0.0,0:02:45.900509
290_20210727234712.jpg,4,3,0.3772,1.0,0.5545,-1.0,0.2262,0.6,0.2,0.4333,0.4333,-1.0,0.35,0.6,-1.0,-1.0,0.0,0:02:46.464439
273_20210815192134.jpg,3,1,0.6,1.0,1.0,-1.0,-1.0,0.6,0.6,0.6,0.6,-1.0,-1.0,0.6,-1.0,-1.0,0.0,0:02:47.015217
289_20210803103841.jpg,2,1,0.3,1.0,0.0,-1.0,-1.0,0.3,0.3,0.3,0.3,-1.0,-1.0,0.3,-1.0,-1.0,0.0,0:02:47.551822
126_20200727024253.jpg,15,13,0.4879,0.735,0.656,0.0,0.2909,0.7079,0.0538,0.4692,0.5385,0.0,0.4167,0.75,-1.0,-1.0,0.0,0:02:48.099965
294_20210814044405.jpg,21,9,0.1887,0.5406,0.1763,-1.0,0.1887,-1.0,0.0,0.3222,0.4444,-1.0,0.4444,-1.0,-1.0,-1.0,0.0,0:02:48.672883
287_20210801225557.jpg,4,2,0.668,0.835,0.835,-1.0,-1.0,0.668,0.4,0.8,0.8,-1.0,-1.0,0.8,-1.0,-1.0,0.0,0:02:49.228399
168_20200825102128.jpg,2,1,0.2,1.0,0.0,-1.0,0.2,-1.0,0.2,0.2,0.2,-1.0,0.2,-1.0,-1.0,-1.0,0.0,0:02:49.761854
249_20210801024647.jpg,7,5,0.436,0.901,0.0416,-1.0,0.436,-1.0,0.1,0.5,0.5,-1.0,0.5,-1.0,-1.0,-1.0,0.0,0:02:50.326688
121_20200529220711.jpg,2,1,0.4,1.0,0.0,-1.0,-1.0,0.4,0.4,0.4,0.4,-1.0,-1.0,0.4,-1.0,-1.0,0.0,0:02:50.864401
271_20210927182405.jpg,2,1,0.6,1.0,1.0,-1.0,-1.0,0.6,0.6,0.6,0.6,-1.0,-1.0,0.6,-1.0,-1.0,0.0,0:02:51.408565
110_20200720192743.jpg,5,2,0.1515,0.505,0.0,-1.0,0.1515,-1.0,0.15,0.15,0.15,-1.0,0.15,-1.0,-1.0,-1.0,0.0,0:02:51.944909
283_20210820065150.jpg,3,2,0.404,0.505,0.505,-1.0,0.0,0.8,0.4,0.4,0.4,-1.0,0.0,0.8,-1.0,-1.0,0.0,0:02:52.500868
